,file_name,Subject1,Subject2,n_success,n_failures,norm_score,skill,task_score,max_seq,avg_seq,bounce_hull,bounce_std,bounce_sp_entropy,bounce_sc_entropy,rt_lyp,samp_en,std_rt,avg_p1,avg_p2,avg_p3,var_p1,var_p2,var_p3,avg_start_fs,std_start_fs,p1_on,p1_off,p1_dn,p1_mda,p1_md,p1_mid,p1_mad,p1_mm,p1_sm,p1_gm,p1_occ,p1_sampen,p1_std,p2_on,p2_off,p2_dn,p2_mda,p2_md,p2_mid,p2_mad,p2_mm,p2_sm,p2_gm,p2_occ,p2_sampen,p2_std,fsp3_on,fsp3_off,fsp3_dn,fsp3_mfs,fsp3_mifs,fsp3_occ,fsp3_sampen,fsp3_std,percentage
0,2022-11-08_A_T01,SE001A,,228,1,11.47275852,2556.380625,9.893,228,228.0,315455.6282,125.9873927,0.469221849,0.644309888,0.262845725,0.936507524,7.73621054,33.9254386,25.31140351,27.14035088,3.514214529,5.016153884,6.285428977,37.83333333,7.314269479,266.3157895,199.5175439,66.79824561,11.7369057,10.85897573,8.523379307,13.90785532,408.8702749,2851.644849,28.30803623,1.0,1.071881663,43.38249218,88.13131313,19.24242424,68.88888889,10.36618932,9.859633286,6.104598277,13.26362858,288.4563528,2151.537878,21.2432233,0.868421053,1.133071039,41.82748274,281.7010309,70.05154639,211.6494845,9.660996975,5.700339573,0.850877193,1.210709505,47.75903242,96.584472
1,2022-11-08_A_T03,SE001B,,197,1,9.595613434,1901.9358,10.213,197,197.0,322035.7515,124.060744,0.458544037,0.637396936,0.236128077,1.000756499,8.093402034,39.89340102,25.94923858,37.31472081,3.837274719,4.038829545,5.776939677,53.30456853,6.492371896,226.9035533,158.3756345,68.52791878,13.49576973,8.118766518,7.490606184,8.743330852,316.2423625,2231.645558,22.08271679,1.0,1.384316121,35.90817162,83.41463415,19.69512195,63.7195122,12.49098111,11.04922794,9.063988791,12.36439708,266.8931721,1822.709888,18.05281251,0.83248731,1.334223915,30.19124054,343.4355828,167.8527607,175.5828221,10.0363956,8.8175658,0.827411168,0.945997236,93.86547175,99.201658
2,2022-11-08_A_T04,SE001C,,93,7,7.601202051,814.8452221,1.41425,23,11.625,545192.4084,177.6043728,0.564620659,0.644355601,0.248869479,1.018569581,11.52274842,43.77419355,27.87096774,41.33333333,5.775605042,7.242683823,5.466089663,61.84946237,12.20342472,369.3548387,289.5698925,79.78494624,13.29430331,13.66279032,10.06501162,18.76973695,538.072754,4416.268526,42.85165399,1.0,1.093971909,61.65820549,95.30120482,29.39759036,65.90361446,13.92631479,13.10263051,9.199060484,15.80794664,299.0314984,2105.634477,20.80851517,0.892473118,0.945737933,38.03414285,390.2325581,115.5813953,274.6511628,10.60132438,7.17466059,0.924731183,0.857902414,124.6819643,97.582728
3,2022-11-09_A_T04,SE002C,,162,8,9.684925476,1723.517436,1.766777778,65,18.0,447417.1925,150.3994508,0.522347725,0.638125173,0.224450082,0.907227226,8.857749383,38.22222222,25.91975309,29.34567901,4.809969072,5.416000979,4.306642856,42.25925926,9.363414194,339.1925466,276.0248447,63.16770186,12.89961615,12.42909451,9.426126,16.93590807,393.052904,2618.976265,25.24921856,0.99382716,0.80084142,80.74171038,139.1791045,76.86567164,62.31343284,11.17054553,11.70338504,7.310238681,15.84919146,317.1177656,2092.002342,18.9270306,0.827160494,1.207912402,61.89843037,312.8688525,147.8688525,165.0,7.06793209,4.958401762,0.75308642,0.756626599,145.5021239,86.100906
4,2022-11-09_A_T07,SE002A,,69,14,5.847953216,611.1401458,0.627,14,4.6,518992.7534,199.0728159,0.581077289,0.616589464,0.255778253,1.122142786,12.06937518,41.79710145,30.75362319,40.97101449,7.288226977,10.54239996,12.16549053,60.66666667,11.87332495,274.8484848,222.7272727,52.12121212,16.51396345,10.02046947,7.02204512,14.05897997,193.4657487,1099.24185,10.77397618,0.956521739,0.916290732,127.6743303,104.2592593,51.2962963,52.96296296,8.70483465,11.33242256,8.427555935,13.34517644,156.2055733,923.9179121,9.12978934,0.782608696,0.343980024,92.08695271,438.2,172.0,266.2,7.446337459,6.031753966,0.724637681,0.991928146,57.20139858,83.99612
5,2022-11-14_M_T01,SE003C,,170,7,9.296224478,1790.923215,2.19175,47,21.25,387727.0918,141.4066545,0.511537518,0.610729088,0.273399264,0.700151645,12.92452003,38.01176471,23.78823529,37.61764706,6.125153765,7.669027268,6.960454287,53.38235294,12.54876302,340.6470588,280.0,60.64705882,11.90079108,12.59623975,9.85649411,16.88876208,378.2100652,2522.379661,24.12198966,1.0,1.053995223,73.45381997,55.59055118,-3.779527559,59.37007874,9.413028383,6.876765448,5.260362347,8.481435195,204.4588442,1361.856095,13.27461096,0.747058824,1.009086452,40.98498944,364.3571429,102.6428571,261.7142857,6.630472461,3.99077318,0.823529412,0.841143995,78.76375811,98.653302
6,2022-11-14_M_T02,SE003B,,112,9,8.194112967,1111.443648,1.257,21,11.2,451184.6197,164.6948731,0.539671483,0.645920392,0.230324239,1.132777102,11.20165349,40.875,26.00892857,37.54464286,6.444993904,7.214191787,5.861326631,44.91071429,11.16879707,383.3928571,316.875,66.51785714,21.31703358,15.96305959,9.679514436,24.36883289,385.0135687,2707.578569,25.94720789,1.0,1.063520969,85.2051471,153.0120482,91.56626506,61.44578313,9.066271495,8.667634003,5.373084433,12.57009945,267.8923098,1793.727531,17.25233689,0.741071429,1.552005863,52.65790802,432.1428571,221.6666667,210.4761905,7.379106392,4.70770318,0.75,1.034405387,149.8636947,84.151344
7,2022-11-14_M_T06,SE003A,,154,2,8.610434487,1344.253932,5.884333333,98,51.33333333,493886.5764,156.0076093,0.53294864,0.640780816,0.199752867,1.140826349,7.889107995,44.85064935,23.97402597,44.2987013,6.159969712,6.761184147,4.03576522,59.96753247,10.73797656,261.9607843,196.3398693,65.62091503,19.81157904,18.3313749,16.95197023,19.50330373,361.1756588,2563.52012,23.19663098,0.993506494,1.266008195,71.6386979,87.42857143,27.14285714,60.28571429,11.70264896,9.242316963,6.220763675,12.13633929,289.4291761,1920.629869,17.53273423,0.681818182,1.144116044,58.27731032,438.3333333,186.5740741,251.7592593,7.231198343,3.907900704,0.701298701,0.870246793,146.9452029,93.579086
8,2022-11-15_M_T04,SE004C,,37,14,4.6,378.4755134,0.333333333,9,2.466666667,330576.5204,173.407183,0.561950571,0.635147352,0.002156535,0.99633344,10.82127872,37.64864865,25.16216216,35.56756757,8.101438698,7.438081391,4.233333237,51.48648649,9.488603752,318.3783784,252.4324324,65.94594595,11.83782611,10.18932822,6.886646544,15.28195834,372.35996,2643.136722,25.93456969,1.0,1.174119841,94.54052509,103.3333333,45.66666667,57.66666667,8.634807567,8.833407957,5.313775019,12.65136347,276.2624254,1825.537088,17.56866896,0.810810811,1.290984181,55.87684871,364.8387097,203.5483871,161.2903226,8.458721183,5.261660334,0.837837838,1.637608789,127.874646,87.412614
9,2022-11-15_A_T04,SE005C,,273,1,11.27320955,2919.500157,12.064,273,273.0,378698.1997,117.7348514,0.461870484,0.654584558,0.27344659,1.151008027,6.643432524,36.04761905,25.16483516,26.80586081,4.696807798,4.973034398,4.429633239,35.88278388,5.723241315,251.7948718,189.5604396,62.23443223,12.61727692,8.691712075,7.264441272,9.768143115,301.21427,1995.652757,19.80324759,1.0,1.209780085,52.42194661,101.8631179,38.93536122,62.92775665,8.417997797,9.091306766,5.61683651,11.43177538,250.8898007,1690.030634,16.81160003,0.963369963,1.294182302,34.17618588,287.6153846,64.65384615,222.9615385,6.997834012,5.314646327,0.952380952,0.817482377,59.59700709,97.789288
10,2022-11-15_A_T05,SE005B,,224,4,11.65501166,2678.481824,3.7752,146,44.8,342377.1666,112.0805454,0.44574026,0.607881179,0.194113106,1.088954619,5.327230478,33.61607143,25.125,24.01785714,3.665099725,4.18889902,3.728467089,31.75,4.437059837,279.9487179,227.5897436,52.35897436,9.818343703,7.160944216,5.821238879,9.290024761,188.7401235,1114.56107,10.90350489,0.870535714,0.828671267,77.37684962,130.1538462,78.97435897,51.17948718,7.734937703,9.281813357,6.493438937,12.6151741,156.6514838,869.1150843,8.534308511,0.870535714,1.004619268,45.21716174,267.3737374,137.7777778,129.5959596,8.782730347,6.864169297,0.883928571,1.058392391,101.613802,92.888344
11,2022-11-15_A_T06,SE005A,,82,11,7.524374735,815.803406,0.786333333,25,6.833333333,467930.3331,169.9020752,0.555707677,0.617510587,0.230377704,1.033654392,12.63807736,39.02439024,27.63414634,35.09756098,7.57398566,6.226442815,6.101998385,54.24390244,11.34982645,289.0243902,220.0,69.02439024,14.92865068,10.73503512,8.275519967,14.04440211,399.9378127,2854.784708,28.28886547,1.0,1.024292385,80.2831841,126.5753425,62.87671233,63.69863014,8.562500112,8.231311083,5.132420629,11.80743492,309.32267,2147.886271,21.22253841,0.890243902,1.023234152,55.79363095,393.9130435,215.6521739,178.2608696,7.507213809,4.516735549,0.841463415,1.175399432,117.0838701,92.822522
12,2022-11-17_M_T04,SE006C,,55,19,5.753556017,643.4621004,0.31285,13,2.75,392922.6183,190.6940368,0.581314007,0.599614685,0.250218958,0.857824273,13.98270478,35.12727273,22.81818182,25.63636364,8.31658703,6.362077731,7.816913216,39.29090909,8.389761568,308.2608696,248.9130435,59.34782609,13.51523395,10.00266341,7.175496856,14.49117306,347.0385721,2311.564244,22.84778745,0.836363636,0.98394938,116.1016112,143.4090909,84.77272727,58.63636364,7.800498878,7.89796576,4.128056991,12.26897414,262.5813206,1726.43241,17.03471238,0.8,1.116961427,53.25509714,313.5714286,154.5238095,159.047619,6.435235425,3.83099108,0.763636364,0.872940291,115.6184691,94.820352
13,2022-11-21_A_T03,SE007B,,95,12,7.126910527,877.2604848,0.895846154,20,7.307692308,402328.9526,149.8227399,0.520245432,0.61806592,0.18574205,0.967878101,9.948287343,41.35789474,28.12631579,39.51578947,6.052256281,5.31975881,4.414958205,56.83157895,7.715538159,323.1578947,250.0,73.15789474,12.68551758,6.695670876,4.080416844,10.01054479,410.7676567,3054.952769,30.15189891,1.0,0.92023551,57.03670393,105.7471264,41.6091954,64.13793103,11.20071009,10.59897461,8.010840417,12.92471019,291.202793,1967.23809,19.50669547,0.915789474,1.075219409,39.75881841,392.9032258,138.3870968,254.516129,6.905938087,4.440990532,0.978947368,0.810930216,107.9156413,84.284418
14,2022-11-21_A_T04,SE007A,,203,4,10.10152284,2151.540861,3.94,148,40.6,674081.0672,158.6483243,0.518715721,0.645947335,0.214012995,0.907816105,8.587629782,40.13793103,23.31527094,31.74876847,6.651840714,6.116207436,4.714607419,45.4729064,8.55713944,290.85,233.7,57.15,9.43345626,8.314936852,6.847348021,9.883525105,319.7971256,2072.972849,20.09529325,0.985221675,0.924851271,104.7176084,164.1496599,111.0884354,53.06122449,8.505799954,8.141060546,4.16059506,12.67107918,272.1142544,1643.994942,15.81846055,0.724137931,0.870500757,56.13205442,381.2413793,200.3448276,180.8965517,5.893209424,3.579899669,0.714285714,0.786870478,153.8535524,94.360018
15,2022-11-21_A_T06,SE007C,,210,6,11.41386449,2544.059534,2.553285714,70,30.0,414064.3933,130.5220847,0.491057308,0.615009392,0.266185939,0.781525942,10.00681061,34.22380952,22.11428571,26.41904762,5.283613911,5.224145928,6.409488431,34.3952381,8.213866104,252.8571429,197.5238095,55.33333333,7.832876644,8.077458817,6.468349761,9.68753796,218.7598059,1347.078837,13.22570001,1.0,1.075731947,65.70082678,108.1564246,54.18994413,53.96648045,8.377222004,10.98964383,7.736764515,13.91508308,189.2825949,1159.0176,11.4287216,0.852380952,1.047599407,45.53172018,279.8412698,118.8095238,161.031746,8.298930135,6.892469786,0.6,0.90719976,100.8189257,91.58071
16,2022-11-24_M_T01,SE008B,,220,4,10.60330863,2461.538462,4.0742,187,44.0,332716.5065,116.8727036,0.441797687,0.655750554,0.167463124,0.72244355,10.2069495,35.26363636,27.50909091,28.22727273,4.537074093,4.657829097,10.18301535,42.71363636,9.352918623,244.0,178.4090909,65.59090909,11.89028415,8.716815822,6.376188534,12.11537982,398.4839591,2744.437867,26.31657624,1.0,0.866985552,79.62069169,38.91304348,-25.27173913,64.18478261,17.39256013,11.84940152,9.058541351,15.15724265,288.0514174,1990.257789,19.08228689,0.836363636,0.77919935,36.48872732,271.8181818,123.6363636,148.1818182,8.141125478,5.777951368,0.55,0.893817876,58.90179528,91.726392
17,2022-11-24_M_T03,SE008A,,206,5,10.8023862,2330.649502,3.101166667,137,34.33333333,544586.4934,170.1835393,0.548065389,0.582984937,0.238631785,1.136450438,8.191787486,36.13106796,24.63592233,27.40776699,5.760368939,5.163207296,4.179090097,42.7184466,7.190767376,282.961165,216.2621359,66.69902913,13.31652243,8.725685446,6.851100845,10.50214451,391.9650777,2794.780609,26.57017197,1.0,1.190227453,71.70915127,109.1623037,45.65445026,63.5078534,9.921611937,9.05670251,5.303075807,12.63071369,339.9582644,2291.66099,22.29525061,0.927184466,1.263532571,48.10905851,272.0103093,97.68041237,174.3298969,5.845142193,3.615130681,0.941747573,0.689895145,109.2348313,88.518412
18,2022-11-24_M_T06,SE008C,,38,23,2.462649811,379.9608736,0.253791667,10,1.583333333,456375.6822,195.9911142,0.576968607,0.652708147,0.084551767,1.331234584,8.788212957,38.36842105,24.55263158,36.44736842,5.431007722,6.235287392,5.761475361,53.73684211,6.536070808,311.8421053,247.3684211,64.47368421,13.33012061,12.90137707,9.909027154,15.75507978,329.5497961,2187.704761,21.7221013,1.0,1.147402453,98.43125475,63.33333333,5.0,58.33333333,13.63403446,13.04414889,9.765411748,15.27354339,235.1072271,1495.33622,14.84381367,0.789473684,1.481604541,37.17824932,318.6206897,136.5517241,182.0689655,10.30768424,8.244420957,0.763157895,1.466337069,76.89113944,95.857352
19,2022-11-28_A_T02,SE009A,,34,17,3.296490207,332.8534408,0.2865,7,1.888888889,269416.0088,147.6088077,0.517689576,0.639200694,0.09868288,1.098612289,12.63035833,39.11764706,26.91176471,33.02941176,6.295491879,5.695032134,6.532656851,53.0,7.669649888,330.6060606,271.2121212,59.39393939,16.93718234,16.46748086,13.68114508,18.86968449,354.2960237,2273.437532,21.46678219,0.970588235,1.084626047,71.68700461,89.6,36.8,52.8,9.005761586,9.675935442,6.617283626,12.27511817,248.5646082,1456.938136,14.1364945,0.735294118,1.021651248,46.0851386,318.9655172,196.2068966,122.7586207,6.960219586,4.739419896,0.852941176,0.794929875,118.3045105,95.240614
20,2022-11-28_A_T03,SE009C,,178,7,9.246242024,1842.253685,2.31175,37,22.25,699694.789,191.9447543,0.58465228,0.59943495,0.197060376,1.057947345,10.01140147,39.98876404,25.56741573,34.68539326,5.813572616,8.424046311,4.238919477,49.29213483,12.13889861,301.6292135,237.8651685,63.76404494,14.31086908,16.09859129,13.87971649,18.99231675,399.2915255,2739.636493,26.42230442,1.0,1.232143681,70.40123882,149.8630137,95.06849315,54.79452055,8.473694101,8.519513707,5.154658757,12.65429406,243.7237586,1551.092888,15.01325173,0.820224719,1.206920485,67.19411974,394.1891892,270.8783784,123.3108108,8.428861657,5.735091253,0.831460674,1.130971911,133.9621218,93.416202
21,2022-11-29_A_T04,SE010B,,49,19,4.804612428,544.1002827,0.3122,8,2.45,244954.4256,128.8823601,0.481137912,0.652932928,0.188078016,1.419817053,13.65972504,36.12244898,31.0,26.93877551,6.261748641,10.72095031,8.313765726,47.0,7.892129895,307.755102,245.9183673,61.83673469,15.84207422,11.43941421,7.838477051,17.15079818,393.0327691,2642.714983,24.68978953,1.0,1.247824687,74.45763913,89.34782609,26.73913043,62.60869565,12.46309682,13.91367035,9.846120679,17.65186457,248.5478533,1666.579773,15.60473942,0.93877551,1.53393036,52.31186472,245.0,141.0714286,103.9285714,11.31191727,9.292849569,0.571428571,1.386294361,67.73579375,94.250264
22,2022-11-28_A_T04,SE009B,,118,12,8.624898291,1263.406224,0.945384615,24,9.076923077,554220.2747,175.4479485,0.558591995,0.584938555,0.271918625,0.87589166,13.08871899,37.39830508,27.23728814,30.16101695,6.943036788,6.56348136,6.079934125,45.04237288,10.85840615,313.0508475,254.3220339,58.72881356,8.999133974,8.456625158,6.863861303,10.73443425,326.778234,2084.856075,20.4482903,1.0,1.064034376,80.35417864,110.3030303,52.52525253,57.77777778,12.82878078,14.61603648,9.732648913,18.58141203,235.5795779,1483.15845,14.5270554,0.838983051,1.257171499,52.99999134,241.0,107.125,133.875,8.803930565,7.522097701,0.677966102,0.877982354,114.7191544,90.102124
23,2022-11-30_A_T01,SE011C,,383,2,15.06941423,5774.020862,8.427666667,359,127.6666667,235889.9488,90.10374405,0.372737944,0.597469901,0.168423638,0.45824375,5.584282052,26.63446475,22.41253264,16.61618799,2.454188653,3.136086535,3.784874264,26.81984334,3.727874394,170.9625668,114.5454545,56.4171123,9.007421597,7.284119613,6.159745919,8.680586681,298.5655163,1860.247891,17.95006112,0.976501305,0.629182218,42.08641085,43.089701,-16.11295681,59.20265781,18.03510669,15.00582825,12.96709312,17.60075145,267.6578587,1756.324511,16.96180869,0.785900783,0.99424304,32.13481661,162.4390244,70.12195122,92.31707317,10.80791057,9.744708345,0.214099217,0.830348302,45.81228673,97.809842
24,2022-11-30_A_T04,SE011B,,25,17,1.890805956,252.0908713,0.235055556,4,1.388888889,146248.4151,123.024017,0.489712978,-1.0,0.287302673,0.990398704,17.17672844,40.36,39.68,27.36,8.934785952,10.22436306,7.36955901,58.4,9.252026805,325.6,259.6,66.0,15.06854063,12.41377588,9.104534092,15.52121727,344.530925,2429.269959,23.24729952,1.0,1.673976434,105.1885925,109.5833333,48.33333333,61.25,12.83770296,17.04157054,11.31396215,20.9194655,220.1912831,1435.421322,14.24452827,0.96,1.098612289,46.0506213,259.4736842,100.0,159.4736842,8.726429436,6.214700097,0.76,1.049822124,121.1784243,90.835924
25,2022-12-01_A_T01,SE012B,,205,7,10.16688062,2325.981332,2.434375,95,25.625,698214.064,194.0037096,0.577213406,0.59844987,0.294726521,0.491648957,17.28762457,35.64390244,26.16097561,30.32195122,6.358786845,7.418397633,10.13392063,43.41463415,17.33764494,240.3431373,182.3039216,58.03921569,10.61101824,7.149771798,5.213234077,9.56972119,263.8964087,1716.070149,15.46349144,0.995121951,1.211590773,104.8639637,100.1081081,45.2972973,54.81081081,12.82638159,15.44385968,11.29105828,18.33693056,200.8276253,1195.330111,11.528398,0.902439024,0.987143734,39.11161007,286.7333333,90.73333333,196.0,8.412025051,6.321606809,0.731707317,0.462386836,112.5290876,91.142792
26,2022-12-01_A_T03,SE012A,,72,13,7.054884611,731.8058421,0.597357143,14,5.142857143,505574.9376,177.2412257,0.569228598,0.652734686,0.274933755,0.926582418,11.2602491,37.79166667,28.09722222,32.5,6.295804379,6.167026391,7.234178138,54.04166667,9.36666296,286.1764706,219.4117647,66.76470588,14.01863357,12.18742614,9.868159307,15.32533746,386.2186842,2818.744284,27.72157166,0.944444444,1.094588138,89.11376423,130.3125,67.8125,62.5,7.783726729,8.483423339,4.615735133,12.87815266,323.83863,2214.043679,21.6296125,0.888888889,1.109848362,61.64334793,360.0,209.5,150.5,7.946300769,4.488647119,0.833333333,1.197283816,122.330495,90.067674
27,2022-12-05_M_T03A,SE013B,,174,12,9.41094458,1916.718105,1.324153846,38,13.38461538,521503.3026,174.7502267,0.553445791,0.604483206,0.316790551,1.09451032,12.1098282,36.54022989,25.67241379,30.59770115,6.626843006,7.73272178,6.85558715,41.12643678,10.77758913,240.2873563,178.045977,62.24137931,12.55597062,9.730610332,8.243282677,11.41927595,374.7507286,2558.216032,20.69108928,1.0,1.146680692,86.15962305,95.25974026,30.64935065,64.61038961,14.88067072,13.63669458,10.54647705,15.96750243,322.3583838,2295.429173,19.86491116,0.885057471,1.226118408,44.6515812,234.8571429,147.0,87.85714286,8.970124768,7.52866953,0.402298851,1.138352617,107.6150547,91.003922
28,2022-12-05_M_T04,SE013C,,170,5,9.763891355,1767.25983,2.8165,118,28.33333333,348937.9009,129.7766511,0.48990852,0.59999038,0.234466717,1.074706768,7.556522882,38.32941176,24.58235294,33.67647059,5.255558929,6.005559708,5.041711826,44.97058824,8.352827257,304.6385542,256.3855422,48.25301205,12.35228647,8.915681885,6.623598385,12.10243294,179.9306666,984.3411199,9.556099397,0.976470588,1.146382565,112.1404109,103.8157895,48.22368421,55.59210526,7.814289038,8.948327193,5.126705049,12.0635349,210.4423529,1289.637572,12.71347886,0.894117647,1.298572505,46.81899933,349.044586,133.5031847,215.5414013,6.026434908,4.153937162,0.923529412,0.502368914,102.6642927,96.785624
29,2022-12-05_M_T06,SE013A,,246,9,10.96105818,2863.487958,2.1622,65,24.6,518115.2072,158.0495592,0.533186481,0.573185461,0.315158159,0.800524295,14.07860148,33.86178862,23.82113821,27.02439024,6.313394206,6.357931504,7.877067069,39.75609756,10.90151139,196.1038961,136.3636364,59.74025974,12.98896595,10.2820989,9.043361895,11.39237827,249.2170428,1659.232664,16.4049371,0.93902439,0.852045104,74.38909949,73.37423313,20.55214724,52.82208589,14.18506707,15.68692107,12.51283704,17.96847901,199.9118607,1167.134793,11.57855189,0.662601626,1.191010366,45.56692454,290.8974359,103.0769231,187.8205128,9.302390724,7.715669173,0.317073171,1.046876614,88.78536049,96.6295
30,2022-12-07_M_T01,SE014A,,186,9,10.52131011,2214.947288,1.6823,47,18.6,629061.1797,194.1705142,0.558801763,0.539126692,0.173125938,1.135045103,8.4999983,35.66129032,21.71505376,29.12903226,6.64121268,6.146901418,4.429193976,36.7688172,7.547362688,279.7252747,219.3406593,60.38461538,11.80187413,12.28824794,10.5874908,14.74842514,366.8707915,2443.349407,20.37709083,0.978494624,1.038589056,93.91035776,112.484472,57.32919255,55.1552795,15.67194256,17.62735328,13.09333365,22.10964508,269.1205085,1681.092246,13.42823742,0.865591398,1.164885416,62.1961539,261.9791667,169.7916667,92.1875,10.99466039,8.83960292,0.516129032,1.151893655,112.2588078,76.805958
31,2022-12-07_A_T01,SE016B,,48,14,5.818928633,508.6975035,0.389533333,20,3.2,254118.2244,139.9872024,0.511787027,0.640937214,0.26815027,0.936769263,17.54516741,35.25,29.45833333,29.4375,5.717298313,11.03395957,5.552425333,48.6875,14.07295907,254.7916667,193.3333333,61.45833333,15.00089378,10.74276347,9.276688875,12.03732159,326.4438185,2123.61827,20.74770139,1.0,1.198695747,70.26703777,128.6111111,74.16666667,54.44444444,7.969373606,9.542450321,5.930650334,13.79328332,198.9075544,1190.659569,11.31370672,0.75,1.219240276,54.52587448,365.7692308,172.3076923,193.4615385,6.903604533,4.168648366,0.541666667,1.193922468,128.3417221,98.614574
32,2022-12-07_A_T06A,SE016A,,274,2,12.52590375,3508.634186,7.238333333,244,91.33333333,389788.2596,130.3772618,0.48498918,0.553554512,0.274502069,1.01735811,6.161751368,32.15328467,23.52919708,23.00364964,4.404527384,4.724631227,3.597949715,30.59489051,6.950301376,287.7007299,228.1386861,59.5620438,13.01793206,12.01235989,9.99417246,15.31928624,355.1983614,2337.877041,22.35657484,1.0,0.890824831,55.58092213,83.27586207,22.97413793,60.30172414,10.96938721,9.486397374,7.099757517,11.53396634,267.0133391,1830.274523,17.82222558,0.846715328,1.126942795,43.59444488,218.9673913,72.33695652,146.6304348,8.276153404,6.769601277,0.671532847,1.011728406,67.72286512,96.786036
33,2022-12-08_M_T01A,SE017C,,275,0,12.53818447,6896.001459,21.933,275,275.0,202080.5887,100.6602624,0.414897264,0.579167121,0.233482763,1.204962414,5.411998913,32.12727273,23.35272727,24.27636364,3.518545906,3.252291754,3.088392558,37.33090909,6.343181672,280.4727273,223.9272727,56.54545455,7.6299833,8.539110509,6.111140417,11.18973573,276.1189531,1674.411686,16.54223889,1.0,1.062380676,51.16954156,149.1821561,92.60223048,56.57992565,8.167785282,6.920108242,3.042440093,11.51336793,282.8068696,1737.528513,17.13330763,0.978181818,0.849155949,36.65472752,306.9144981,59.03345725,247.8810409,5.379515411,2.328623181,0.978181818,0.607987085,66.92804489,93.567522
34,2022-12-08_M_T03,SE017B,,177,10,9.688460869,1861.878995,1.567,86,16.09090909,479459.3708,169.7573569,0.547137312,0.643403833,0.318873823,1.115051015,9.497818737,36.57627119,26.95480226,28.29943503,4.974068541,6.751287142,7.976352742,46.51412429,9.386916815,264.7457627,198.2485876,66.49717514,10.47141757,7.52458309,5.934962667,9.526918894,351.0084174,2522.077379,24.39527474,1.0,1.143693973,61.1201262,122.392638,62.26993865,60.12269939,8.237802002,9.232376288,5.329698338,12.89392987,240.8248715,1587.875303,15.3271359,0.920903955,1.193922468,47.73179614,312.5,145.7236842,166.7763158,6.358603949,4.267826124,0.858757062,1.031875481,133.8233418,96.223612
35,2022-12-08_M_T05,SE017A,,206,12,12.13561867,2669.182627,1.229692308,46,15.84615385,380247.5432,149.2029041,0.504198393,0.549026732,0.299911767,0.569832323,11.35987468,28.75728155,23.70873786,20.38834951,5.036692588,6.444130419,4.71978486,32.02912621,7.022095932,214.6875,161.7708333,52.91666667,10.06588972,6.915732879,4.778413239,10.37520369,205.6141717,1222.910109,11.80212115,0.932038835,0.767062864,76.95308534,73.87096774,18.77419355,55.09677419,14.46465428,17.29232563,14.49632978,19.69481737,185.5970905,1147.218343,11.25393005,0.752427184,1.150400956,44.66920852,176.6037736,96.03773585,80.56603774,16.43876629,14.58834074,0.257281553,1.15267951,69.20954298,95.649894
36,2022-12-08_A_T01,SE018B,,267,2,12.47176205,3327.724032,7.082666667,173,89.0,331000.48,122.1706786,0.465722968,0.589357639,0.230487138,0.631503017,7.519203953,31.40074906,26.34831461,21.22097378,3.452253159,4.356151422,5.635615259,33.02621723,6.493101058,221.6479401,163.4082397,58.23970037,8.768252103,8.495043502,6.272875858,10.43098909,275.1092448,1746.260401,16.83376558,1.0,1.168735998,51.75116588,87.27642276,25.6504065,61.62601626,14.63821547,17.53178956,12.95278426,20.44778675,228.4580124,1497.243706,14.67042756,0.921348315,0.965910152,38.57603637,218.1707317,94.02439024,124.1463415,8.247959665,7.107074686,0.307116105,0.935206179,46.53505775,99.15513
37,2022-12-08_A_T05,SE018A,,302,0,11.96797971,7228.659745,25.234,302,302.0,99875.98172,65.74438786,0.321877999,0.633822637,0.202196956,1.061107893,4.538482638,33.55629139,25.51324503,24.48675497,2.710381713,2.964160659,2.829274016,30.28145695,5.57759121,200.4983389,141.5946844,58.90365449,12.18066787,8.620241655,8.035162222,9.083805632,263.6083105,1668.49853,16.53597768,0.996688742,1.025785547,54.5664047,109.9300699,51.81818182,58.11188811,8.773534571,8.615564197,5.938120794,10.85877616,304.5091724,1950.654838,19.36983296,0.947019868,1.329997009,33.14508272,280.7659574,101.5319149,179.2340426,7.643583486,6.033710567,0.778145695,0.870119747,78.81161246,99.179696
38,2022-12-19_A_T02,SE019C,,143,7,9.581513315,1470.440794,1.77425,45,17.875,458571.2416,154.173254,0.355182416,0.662498811,0.20208779,1.103445551,9.584665488,36.46853147,28.04195804,29.84615385,6.091153962,6.457904709,5.04290361,43.52447552,9.506591138,166.7153285,100.5839416,66.13138686,12.75102904,7.442420352,6.062909132,9.060218763,337.5366997,2390.316548,22.04381357,0.958041958,1.208130814,72.44539337,75.50458716,19.08256881,56.42201835,16.61012222,15.5556077,12.9085625,18.06339782,216.1342608,1346.024277,12.31498581,0.762237762,0.98798266,59.7776651,234.8,112.5,122.3,11.3091183,8.836943783,0.699300699,1.086847447,106.5680534,92.03068
39,2022-12-19_A_T03,SE019A,,122,14,8.040500298,1251.567643,0.895466667,24,8.133333333,419841.9801,144.8392294,0.518830835,0.626675462,0.215870142,1.164901613,11.61218258,38.56557377,26.91803279,33.6147541,7.411762589,7.883984767,5.347661847,48.12295082,9.375218353,297.9508197,230.1639344,67.78688525,11.75794012,11.57380345,9.456858213,14.30534028,418.9820655,3020.195626,29.74641859,1.0,1.085596921,80.03010217,97.47747748,39.63963964,57.83783784,8.574131593,9.273478551,5.738864828,12.3124345,231.3580627,1489.814554,14.49186456,0.909836066,1.426676699,52.53001662,324.5945946,164.6846847,159.9099099,7.522650414,5.30319815,0.909836066,1.097008439,110.9891628,97.817534
40,2022-12-19_A_T05,SE019B,,128,9,8.627564707,1277.338877,1.3793,40,12.8,480210.1104,182.983105,0.565864849,0.590616448,0.167109072,1.185885686,8.491723912,41.46875,26.265625,33.015625,6.914587727,6.079530686,5.19612893,51.8671875,7.072582509,350.952381,289.2063492,61.74603175,8.090734921,6.181635005,4.66231792,8.119282188,331.6898263,2183.398935,21.49769017,0.984375,1.034001848,83.18490182,156.5420561,99.71962617,56.82242991,8.472419363,10.95723111,5.434266142,17.04703543,234.9350112,1460.431333,13.45915455,0.8359375,1.280542533,53.79265843,366.3302752,211.9266055,154.4036697,5.412206857,3.672837801,0.8515625,0.898043059,165.1436798,95.069734
41,2022-12-20_A_T02,SE020A,,34,23,2.017978353,355.9637449,0.227125,11,1.416666667,319651.591,171.8504833,0.553276642,0.562490357,0.150454953,1.410986974,12.53410572,38.23529412,26.5,31.38235294,7.487475124,8.541421565,7.408320862,47.94117647,7.124692672,324.7058824,262.0588235,62.64705882,22.33875198,21.20598198,18.57883864,25.3066974,354.801017,2390.462958,23.57020434,1.0,1.315676794,108.0913365,125.9375,65.9375,60.0,18.2961197,19.31501288,14.36306226,23.61509328,270.1532441,1782.383423,17.63310347,0.941176471,1.386294361,45.54251962,230.8333333,151.6666667,79.16666667,17.22145385,16.07314859,0.705882353,1.098612289,116.8926383,94.476646
42,2022-12-21_M_T02,SE021B,,252,3,12.26057413,2955.874139,5.07725,164,63.0,525175.6973,160.1261285,0.527447478,0.563821804,0.27432847,0.926106894,7.441567116,31.51190476,22.6468254,25.34920635,4.503510221,4.902043411,4.074343769,35.52380952,6.411441021,255.0396825,194.0079365,61.03174603,8.280547999,6.286733505,3.916601855,9.733099035,274.2920182,1824.999624,17.40934062,1.0,0.913598625,58.2448173,78.60465116,22.65116279,55.95348837,10.65826551,11.0119085,7.705713993,13.36163015,273.1921334,1656.238123,15.98651305,0.853174603,0.928622068,38.11740708,249.2485549,113.9884393,135.2601156,8.019011389,6.583566555,0.686507937,1.070237309,72.69176261,98.57453
43,2022-12-21_M_T03,SE021A,,117,16,8.214721431,1285.936973,0.723235294,28,6.882352941,751577.6031,186.6539966,0.569559619,0.602232252,0.221913144,1.023972203,13.45837705,35.73504274,28.82905983,28.34188034,5.68758306,8.554791328,7.800024538,51.05982906,10.00452086,292.5,234.3965517,58.10344828,11.47580612,11.07230156,8.709022035,14.64549012,393.1456835,2534.055948,24.78418993,0.991452991,1.059391576,91.68795469,137.6415094,82.73584906,54.90566038,7.990260876,10.55904498,5.43608009,15.98347985,255.6456417,1579.629717,15.00798407,0.905982906,1.202290718,52.72842287,356.1111111,214.8611111,141.25,6.627658397,4.527018241,0.615384615,1.167240795,122.8932809,96.635282
44,2022-12-21_M_T04,SE021C,,106,14,7.731742163,1084.668161,0.793266667,30,7.066666667,502397.8931,179.101669,0.564669341,0.644737361,0.157557994,0.967853048,10.99466277,39.21698113,25.77358491,34.60377358,6.287160797,6.016146543,6.512222536,50.02830189,10.94450629,312.0754717,248.3018868,63.77358491,11.0672728,8.968274218,7.204936713,10.64939551,322.6541331,2165.797233,21.1903683,1.0,1.120930812,65.36857737,104.375,44.27083333,60.10416667,9.321846964,9.272563903,5.606991662,12.37109456,239.6796786,1590.382009,15.74230726,0.905660377,1.237081963,46.72197244,358.9473684,153.6842105,205.2631579,6.799209311,4.490386208,0.896226415,0.967252021,131.4218009,88.006488
45,2023-01-03_A_T01,SE022B,,80,19,6.289956692,809.5710472,0.4849,14,4.0,425348.6335,168.5023856,0.380727891,0.613715573,0.153321698,1.400087683,9.05645488,38.5875,27.6625,31.175,6.169873884,6.25488559,6.581745589,48.3375,8.046651089,321.1688312,265.3246753,55.84415584,12.26459657,9.212271552,6.783103832,12.78204191,248.8600553,1583.470871,14.98241945,0.9625,0.888891758,87.75665921,110.1315789,55.65789474,54.47368421,7.447190058,8.911460905,5.256590386,12.50977728,204.9892209,1239.549812,12.01277629,0.95,1.558144618,53.96132682,332.3943662,152.3943662,180.0,6.218762636,4.249181969,0.8875,0.925642837,122.7210829,96.572318
46,2023-01-03_A_T03B,SE022A,,227,5,11.22062168,2706.511406,3.2975,111,37.83333333,352987.9174,135.4479699,0.490438946,0.576054695,0.235900104,1.035703205,6.376995494,35.11894273,24.55506608,25.66960352,4.587758345,5.029455823,4.074320713,33.55506608,6.024202901,226.9162996,162.6431718,64.27312775,12.10147713,7.296467081,6.377279385,7.945276894,272.0646429,1864.73123,18.4690207,1.0,0.960372843,55.73068539,65.78125,1.822916667,63.95833333,14.81887525,11.09015492,9.130159266,12.61804236,249.4514865,1722.570443,17.13753629,0.845814978,0.985015111,37.21298584,221.7368421,65.63157895,156.1052632,7.85609898,6.434518417,0.837004405,0.871486147,54.99637359,98.79062
47,2023-01-16_A_T03,SE023C,,200,8,10.31758826,2201.128078,2.067666667,111,22.22222222,363890.5587,136.1361302,0.49761393,0.597031651,0.238016576,0.916097849,8.21690331,33.555,26.535,29.26,4.697549893,5.662929895,4.532372447,46.85,7.342172703,275.3,210.55,64.75,10.40469507,11.38188212,9.456794303,14.2163679,314.1306019,2135.868225,20.452688,1.0,0.931368623,56.48814035,108.9411765,53.94117647,55.0,6.690042649,9.166853637,5.039973018,13.11080723,191.9370892,1196.321951,11.40702699,0.85,1.473305738,54.4388168,318.2080925,153.9306358,164.2774566,7.730932936,5.133184352,0.865,1.173559011,88.96083335,92.565542
48,2023-01-16_A_T05,SE023A,,109,20,7.80975781,1243.862349,0.542666667,13,5.19047619,359618.3938,152.3741866,0.528010916,0.62792992,0.232077822,1.070188535,10.19283809,34.13761468,26.88990826,27.63302752,6.300528433,8.09727494,4.454995239,44.16513761,8.831255754,279.0825688,223.3027523,55.77981651,9.22246851,8.671259419,7.024739877,10.21792664,276.4238824,1697.174384,16.84377776,1.0,0.926762032,74.150124,114.7,58.7,56.0,6.714515338,6.279430392,3.231001504,9.443989665,219.456714,1339.752871,13.19163863,0.917431193,1.065551426,59.28667641,310.6930693,78.31683168,232.3762376,5.419095161,2.75598398,0.926605505,0.958214758,87.63187298,95.140164
49,2023-01-16_A_T06,SE023B,,191,6,10.24249806,2092.630391,2.580285714,106,27.28571429,476266.5712,157.8488485,0.535205611,0.641766881,0.260687679,0.940649176,11.26714222,35.71204188,26.30366492,29.69633508,5.176043438,6.244741216,6.56118502,39.19371728,11.99472669,287.2251309,215.2879581,71.93717277,9.212646741,8.16655388,6.121913043,10.42714305,350.3033886,2612.307351,25.67837421,1.0,1.055046549,58.39158834,70.33557047,12.68456376,57.65100671,9.498996846,8.931340408,6.721940993,10.80180031,209.5027446,1346.569868,13.07061764,0.780104712,1.013876226,39.24481939,290.7692308,59.93589744,230.8333333,7.648329684,5.799873568,0.816753927,0.833850138,55.85577576,97.105994
50,2023-01-17_A_T03,SE024A,,66,30,3.825310807,674.4391286,0.303580645,12,2.129032258,452676.7981,181.6402498,0.569843852,0.629693475,0.087383673,0.970466466,9.260798923,39.68181818,25.59090909,33.04545455,6.448300436,6.156979958,5.998565026,48.39393939,5.948971869,299.5454545,240.0,59.54545455,11.78333998,9.243400765,7.139077048,11.82709969,370.2936784,2388.68265,22.84036729,1.0,1.093971909,102.6384035,109.0909091,50.0,59.09090909,9.001212286,8.101521969,5.673800285,10.88704798,283.9365098,1843.077781,17.62127197,0.833333333,1.256836294,61.44540007,330.7272727,140.5454545,190.1818182,6.236928977,4.387422367,0.833333333,0.835869165,134.6702124,83.199396
51,2023-01-26_M_T02,SE026A,,189,8,9.803390565,1988.393938,2.051444444,112,21.0,659879.2392,172.7448404,0.549092014,0.569544284,0.220774084,0.892624914,9.672203695,36.02116402,24.70899471,32.87301587,4.490975869,6.359176475,6.27034356,48.4021164,8.305489723,230.9625668,176.1497326,54.81283422,8.883409141,7.471058423,6.248447413,8.865176792,236.2335341,1429.462956,13.49314167,0.989417989,1.00098523,67.93464687,118.6335404,64.47204969,54.16149068,5.785989882,7.264982003,3.585041776,10.71458449,225.7646747,1388.746982,13.43328834,0.851851852,1.169535663,48.74189717,362.1818182,152.5454545,209.6363636,6.831316329,4.152313821,0.873015873,0.803668309,111.3098571,94.00409
52,2023-01-26_M_T03,SE026B,,199,9,11.83653127,2483.963369,1.6052,86,19.9,327168.2378,122.2859134,0.469968874,0.647797071,0.186630696,0.254828598,15.09280902,30.15577889,25.76884422,20.96984925,5.736321223,5.391863792,8.931852294,32.91457286,9.218058456,181.3131313,116.2121212,65.1010101,11.82831966,7.501853989,5.958502295,9.099092789,373.9744669,2566.389853,25.38589792,0.994974874,0.608171064,61.30971984,70.81395349,11.10465116,59.70930233,13.8859796,12.04545324,8.562316977,15.22549412,319.11577,2093.773244,20.65243845,0.864321608,0.971907423,44.59677526,239.1150442,52.47787611,186.6371681,8.167514294,6.006474593,0.567839196,0.877985366,38.63903692,98.630328
53,2023-02-06_A_T02,SE027B,,126,30,7.039155301,1459.862069,0.439935484,23,4.064516129,691780.5472,200.8830408,0.581063318,0.574867564,0.253370792,1.159053643,9.912800081,36.55555556,25.16666667,26.3968254,6.217685421,6.619775568,6.128361553,39.03968254,7.210443037,313.4126984,249.9206349,63.49206349,9.42476365,9.600535955,7.120617443,12.64485134,326.0620286,2175.92803,21.48691475,1.0,1.019059657,77.19448432,128.9189189,68.1981982,60.72072072,8.815287335,10.69586906,5.981496652,14.99641938,236.6795939,1604.410381,15.77313107,0.880952381,1.164987358,47.19809416,310.1136364,154.4318182,155.6818182,6.804384048,4.654775759,0.698412698,1.007736706,112.9949512,93.661582
54,2023-02-07_A_T01,SE028A,,239,1,12.59525826,3088.957387,9.448,239,239.0,323865.4871,127.5353454,0.475714856,0.56568672,0.207490027,0.931827202,6.754335648,31.05020921,23.958159,23.73640167,4.113147351,3.943949123,3.987634289,37.05857741,4.759126848,269.8712446,214.4635193,55.40772532,13.67565949,9.687731587,7.62719542,13.37551601,275.7886147,1690.187384,14.89740306,0.974895397,0.878396997,62.85401498,97.38916256,42.90640394,54.48275862,12.52220435,15.54479136,11.41513093,18.80872614,208.632506,1260.064109,11.42919787,0.849372385,1.320112454,49.60515309,244.7297297,138.7837838,105.9459459,10.16025915,8.979814794,0.309623431,0.981888014,93.0264813,97.557132
55,2023-02-07_A_T02,SE028B,,251,6,10.86811871,2805.051982,3.220428571,115,35.85714286,514504.3041,151.1514369,0.524726829,0.585348056,0.238337889,1.00995127,7.548130249,35.31075697,24.43027888,27.88844622,5.693975623,5.617818082,3.708972911,39.90836653,7.250468437,260.56,199.48,61.08,14.69029759,13.65032411,11.48342398,15.29060497,255.3015029,1691.274341,15.50286239,0.996015936,1.054986631,78.18750795,96.16113744,40.61611374,55.5450237,9.735845399,9.804558529,6.762178195,12.27476231,241.2821904,1476.371692,14.21237561,0.84063745,1.313628717,47.59577629,267.7604167,90.20833333,177.5520833,6.527175522,4.808218791,0.764940239,0.813613119,100.5296304,96.176538
56,2023-02-08_A_T03,SE029B,,221,5,10.85536235,2469.585883,3.316333333,106,36.83333333,479999.724,138.3169577,0.500793029,0.567005997,0.219159991,0.988973568,6.927839724,35.32579186,24.59728507,28.05429864,4.304340116,5.070167548,3.046657108,41.80542986,7.338805766,287.3059361,235.2511416,52.05479452,5.440321614,4.660803684,2.802216126,7.183906602,224.5127532,1282.028362,12.66591665,0.990950226,0.842434629,55.65346557,69.4972067,16.81564246,52.68156425,10.76062986,10.63814254,8.078083986,12.77153156,174.4929405,1035.002612,10.26103116,0.809954751,0.988271609,40.40678276,251.0691824,70.75471698,180.3144654,7.846896067,6.512104579,0.719457014,0.816292159,57.47897805,96.336404
57,2023-02-15_M_T04,SE030A,,111,19,6.879533388,1092.830284,0.66865,19,5.55,542637.313,189.5900774,0.571370047,0.627748339,0.212033987,1.046496288,15.36134049,39.1981982,29.18018018,35.02702703,7.392252847,9.702046035,4.829450679,54.42342342,10.93597217,302.3636364,245.2727273,57.09090909,8.620630657,9.019697778,6.49010596,11.24376003,281.5295541,1763.316184,15.34993417,0.990990991,0.993251773,104.3414611,104.0625,48.54166667,55.52083333,8.71460925,10.7537416,7.145428707,14.02596844,220.4532162,1380.227464,12.47928694,0.864864865,1.386294361,48.76769177,344.3010753,137.4193548,206.8817204,6.633541628,4.420901379,0.837837838,0.612882817,133.8584008,86.418026
58,2023-02-15_M_T05,SE030C,,71,19,5.709893489,700.0032888,0.45535,18,3.55,364958.8367,158.2620553,0.540038896,0.642136266,0.182970628,1.230730253,13.9086486,37.12676056,29.3943662,34.49295775,7.58970685,8.157738697,4.758604481,58.25352113,9.866315307,277.1830986,215.3521127,61.83098592,12.79892989,11.13486952,9.668417431,12.26128484,285.0080146,1925.598707,17.33815382,1.0,1.265108804,90.10452613,127.0967742,71.4516129,55.64516129,9.603692538,8.91954981,6.791831902,11.38335379,232.0405463,1411.101644,12.72619295,0.873239437,1.495493653,69.31431674,370.3125,154.53125,215.78125,6.711151557,4.812872242,0.901408451,1.078077686,131.9319153,98.611164
59,2023-02-15_A_T02,SE031B,,153,14,9.423728814,1740.27974,0.983333333,36,10.2,567143.1986,182.417507,0.572811893,0.62991986,0.244735047,1.311534286,10.51512319,34.00653595,25.62091503,28.77777778,6.269019929,7.611486449,4.867153108,45.5620915,9.245263805,256.5131579,197.3684211,59.14473684,10.40500674,9.824378839,7.681096403,11.69606173,268.5173756,1743.096583,16.4936163,0.993464052,0.944276097,74.588872,81.09243697,25.37815126,55.71428571,10.94336573,11.09042031,8.48728565,13.51851077,198.1939255,1199.040807,11.16495264,0.777777778,0.995763477,55.39453475,273.5514019,103.5514019,170.0,7.894004847,6.476244894,0.699346405,1.011600912,89.08939474,93.93655
60,2023-02-27_A_T01,SE032B,,76,29,4.901960784,831.5247069,0.3196,12,2.533333333,274792.5625,149.1877473,0.521132783,0.614142422,0.199553117,0.950802784,9.766101131,35.18421053,24.28947368,31.73684211,5.215640765,4.698308177,6.048854657,44.59210526,6.493271075,208.75,155.15625,53.59375,15.49722596,8.982848233,7.262969926,10.89869901,219.5598368,1282.778909,12.51442009,0.842105263,1.110446746,91.04428867,63.7254902,10.19607843,53.52941176,11.43265656,9.117087419,7.237202672,10.99007335,182.2949367,1044.719163,10.20303441,0.671052632,0.997636371,59.14292374,318.2926829,131.2195122,187.0731707,7.301409762,5.238871288,0.539473684,1.188224447,96.42879648,93.791692
61,2023-02-27_A_T02,SE032A,,190,6,10.66666667,2103.035128,2.464285714,97,27.14285714,513049.1198,160.4298763,0.539081116,0.565073423,0.285764456,0.935983812,9.323192123,34.35263158,22.69473684,30.81052632,5.000722939,6.047311163,4.451598736,42.72105263,7.77249394,299.0909091,238.5561497,60.53475936,14.26732926,9.487313691,5.814680815,15.07301205,309.6838246,2007.770721,18.91778682,0.984210526,1.076430233,72.33853325,67.87878788,10.60606061,57.27272727,13.61967575,12.12504176,9.951147252,14.04911294,208.6233908,1328.818161,12.89317556,0.694736842,1.249055141,50.37781954,264.4285714,144.5714286,119.8571429,8.354002218,7.416944081,0.368421053,0.888820071,85.01572484,97.017806
62,2023-03-09_A_T04,SE033C,,213,7,9.288065287,2141.71407,2.772375,92,26.625,482405.7511,134.2131208,0.490474206,0.645255633,0.227596477,1.045137674,8.229148373,41.30046948,25.6713615,33.9342723,6.637059828,5.543255135,3.606905097,43.16901408,8.944774616,333.1400966,280.7246377,52.41545894,12.367288,11.35927499,9.633864676,13.68606387,208.6152783,1231.777412,11.92750271,0.971830986,1.106732706,106.9619766,89.375,37.15909091,52.21590909,12.70552353,12.80822115,10.40077315,14.93201634,183.5801833,1067.577478,10.31022696,0.82629108,1.110939101,49.44184198,287.699115,144.2477876,143.4513274,9.295044063,8.265975438,0.530516432,1.024148128,119.9985642,99.367548
63,2023-03-09_A_T05,SE033B,,217,6,10.2417241,2215.388234,2.943142857,130,31.0,308487.9481,121.6564164,0.468634496,0.650861934,0.213870674,0.814462541,8.875992353,36.49769585,27.30875576,28.26267281,6.318084952,5.32203201,3.368345223,36.8,5.878775383,312.6267281,251.7511521,60.87557604,10.36561227,9.343926141,7.333673696,12.66991356,403.4018409,2611.296178,25.86254857,1.0,0.809241957,62.98279938,152.5118483,89.66824645,62.8436019,8.027002424,9.099903459,4.651132618,13.86896308,300.3257692,1997.811459,19.70353865,0.97235023,1.010285455,41.18900606,341.4356436,178.6138614,162.8217822,6.208117386,4.176933311,0.930875576,0.859340923,117.3555966,99.084908
64,2023-03-15_A_T01,SE034C,,216,7,11.09930961,2496.890279,2.35375,80,27.0,580909.7608,170.9422999,0.545488106,0.57972259,0.275052488,1.003302109,8.930658756,33.20833333,25.27314815,25.81944444,5.876674308,5.723928114,4.408513614,36.55092593,8.251666446,260.9722222,197.2222222,63.75,13.77057804,13.33030011,11.09169972,16.52763729,411.2275065,2866.958166,24.56631781,1.0,0.944625355,74.57583244,106.2921348,47.52808989,58.76404494,9.487467353,10.06234625,5.887406994,13.92775547,286.8618762,1889.836211,16.89860081,0.824074074,1.355989012,53.21953731,284.7260274,150.7534247,133.9726027,8.13778746,5.639635906,0.675925926,0.974521676,91.42768395,94.765558
65,2023-03-16_A_T05,SE035A,,36,22,2.463487595,369.5322524,0.247086957,3,1.565217391,386111.8881,173.9772421,0.549736848,0.642444353,0.214375675,1.185623666,9.575359001,35.91666667,29.08333333,34.75,5.549649639,5.702704037,6.313015656,57.44444444,8.247708249,305.0,245.9090909,59.09090909,17.59986199,12.95486466,10.75526756,17.08052822,288.8016865,1859.961441,18.43984222,0.611111111,1.252762968,120.7834275,125.4285714,64.57142857,60.85714286,9.957772659,11.79454121,6.556372321,17.17531174,215.1732763,1401.745495,13.8657871,0.972222222,1.15923691,63.93491589,342.7272727,232.4242424,110.3030303,9.284308326,7.215742693,0.916666667,1.326870941,149.4845751,89.450222
